Vienna-Style Lager,http://www.craftbeer.com/styles/vienna-style-lager
Session Beer,http://www.craftbeer.com/styles/session-beer
Scottish-Style Ale,http://www.craftbeer.com/styles/scottish-style-ale
Scotch Ale / Wee Heavy,http://www.craftbeer.com/styles/scotch-ale-wee-heavy
Robust Porter,http://www.craftbeer.com/styles/robust-porter
English-Style Old Ale,http://www.craftbeer.com/styles/old-ale
Irish-Style Dry Stout,http://www.craftbeer.com/styles/irish-style-dry-stout
Imperial  Stout,http://www.craftbeer.com/styles/imperial-stout
Imperial India Pale Ale,http://www.craftbeer.com/styles/imperial-india-pale-ale
Gluten Free,http://www.craftbeer.com/styles/gluten-free
German-Style Schwarzbier,http://www.craftbeer.com/styles/german-style-schwarzbier
German-Style Pilsener,http://www.craftbeer.com/styles/german-style-pilsener
German-Style Marzen / Oktoberfest,http://www.craftbeer.com/styles/german-style-marzen-oktoberfest
German-Style Kolsch,http://www.craftbeer.com/styles/german-style-kolsch
German-Style Bock/ Maibock,http://www.craftbeer.com/styles/german-style-heller-bock-maibock
German-Style Hefeweizen,http://www.craftbeer.com/styles/german-style-hefeweizen
German-Style Eisbock,http://www.craftbeer.com/styles/german-style-eisbock
German-Style Dunkel,http://www.craftbeer.com/styles/german-style-dunkel
German-Style Doppelbock,http://www.craftbeer.com/styles/german-style-doppelbock
German-Style Bock,http://www.craftbeer.com/styles/german-style-bock
Fruit and Field Beers,http://www.craftbeer.com/styles/fruit-field-or-flavored
English-Style Sweet Stout (Milk Stout),http://www.craftbeer.com/styles/english-style-sweet-stout-milk-stout
English-Style Pale Ale / ESB,http://www.craftbeer.com/styles/english-style-pale-ale-esb
English-Style Oatmeal Stout,http://www.craftbeer.com/styles/english-style-oatmeal-stout
English-Style India Pale Ale/ IPA,http://www.craftbeer.com/styles/english-style-india-pale-ale
English-Style Mild,http://www.craftbeer.com/styles/english-style-dark-mild
English-Style Brown Porter,http://www.craftbeer.com/styles/english-style-brown-porter
English-Style Brown Ale,http://www.craftbeer.com/styles/english-style-brown-ale
American Cream Ale,http://www.craftbeer.com/styles/cream-ale
California Common,http://www.craftbeer.com/styles/california-common
Bohemian-Style Pilsener,http://www.craftbeer.com/styles/bohemian-style-pilsener
English-Style Bitter,http://www.craftbeer.com/styles/bitter
French-Style Biere de Garde,http://www.craftbeer.com/styles/biere-de-garde
Belgian-Style Wit,http://www.craftbeer.com/styles/belgian-style-wit
Belgian-Style Tripel,http://www.craftbeer.com/styles/belgian-style-tripel
Belgian-Style Saison / Farmhouse Ale,http://www.craftbeer.com/styles/belgian-style-saison-farmhouse-ale
Belgian-Style Quadrupel,http://www.craftbeer.com/styles/belgian-style-quadrupel
Belgian-Style Pale Ale,http://www.craftbeer.com/styles/belgian-style-pale-ale
Belgian-Style Lambic / Gueuze,http://www.craftbeer.com/styles/belgian-style-lambic-gueuze
Belgian-Style Golden Strong Ale,http://www.craftbeer.com/styles/belgian-style-golden-strong-ale
Belgian-Style Dubbel,http://www.craftbeer.com/styles/belgian-style-dubbel
Belgian-Style Dark Strong Ale,http://www.craftbeer.com/styles/belgian-style-dark-strong-ale
Barrel-Aged Beer,http://www.craftbeer.com/styles/barrel-aged-beer
Barley Wine,http://www.craftbeer.com/styles/barley-wine
American Wheat,http://www.craftbeer.com/styles/american-wheat
American Sour,http://www.craftbeer.com/styles/american-sour
American Pale Ale,http://www.craftbeer.com/styles/american-pale-ale
American India Pale Ale/ IPA,http://www.craftbeer.com/styles/american-india-pale-ale
American Brown Ale,http://www.craftbeer.com/styles/american-brown-ale
American Brett,http://www.craftbeer.com/styles/american-brett
American Black Ale,http://www.craftbeer.com/styles/american-black-ale
American Amber Lager,http://www.craftbeer.com/styles/american-amber-lager
American Amber Ale,http://www.craftbeer.com/styles/amber-ale
